Timestamp,Level,Caller,Function,LineNumber,Message
2026-06-26 12:52:10.340,Error,Write-ErrorLog,Write-ErrorLog,37,Critical error occurred
2026-06-26 12:52:10.410,Error,Test-NotNullOrEmpty<Process>,Test-NotNullOrEmpty<Process>,39,TestParam cannot be null or empty
2026-06-26 12:52:10.435,Error,Test-NotNullOrEmpty<Process>,Test-NotNullOrEmpty<Process>,39,TestParam cannot be null or empty
2026-06-26 12:52:10.453,Error,Test-NotNullOrEmpty<Process>,Test-NotNullOrEmpty<Process>,39,TestParam cannot be null or empty
2026-06-26 12:52:10.472,Error,Test-NotNullOrEmpty<Process>,Test-NotNullOrEmpty<Process>,39,ComputerName cannot be null or empty
2026-06-26 12:52:10.536,Error,Test-ValidPath,Test-ValidPath,37,TestPath does not exist: C:\NonExistent\Path\That\Does\Not\Exist
2026-06-26 12:52:10.555,Error,Test-ValidPath,Test-ValidPath,37,TestPath does not exist: C:\InvalidPath
2026-06-26 12:52:11.337,Info,New-HardeningSession,New-HardeningSession,101,"Initializing hardening session: Profile=Basis, Target=Client, OSVersion=11"
2026-06-26 12:52:11.358,Info,Get-HardeningProfile,Get-HardeningProfile,68,Loading hardening profile: Basis for Client
2026-06-26 12:52:11.392,Info,Get-HardeningProfile,Get-HardeningProfile,130,Profile loaded successfully: 12 rules for Client
2026-06-26 12:52:11.403,Info,New-HardeningSession,New-HardeningSession,138,"Hardening session created successfully. SessionId=d394cbd5-6115-4eea-b791-829c4e9aea9a, Rules=12"
2026-06-26 12:52:11.413,Info,Test-HardeningCompliance<Process>,Test-HardeningCompliance<Process>,90,"Starting hardening compliance verification: Profile=Basis, Mode=Verify"
2026-06-26 12:52:11.420,Info,Get-HardeningProfile,Get-HardeningProfile,68,Loading hardening profile: Basis for Client
2026-06-26 12:52:11.430,Info,Get-HardeningProfile,Get-HardeningProfile,130,Profile loaded successfully: 12 rules for Client
2026-06-26 12:52:11.458,Warning,_TestRuleCompliance,_TestRuleCompliance,250,Rule not compliant: Account-MinimumPasswordLength - No value found
2026-06-26 12:52:11.479,Warning,_TestRuleCompliance,_TestRuleCompliance,250,Rule not compliant: Account-PasswordComplexity - No value found
2026-06-26 12:52:12.032,Warning,_TestRuleCompliance,_TestRuleCompliance,279,"Error testing rule Service-DisableSMB1: The requested operation requires elevation.
"
2026-06-26 12:52:12.053,Warning,_TestRuleCompliance,_TestRuleCompliance,271,"Rule not compliant: UAC-ElevationPrompt - Expected: 1, Got: @{PromptOnSecureDesktop=1; PSPath=Microsoft.PowerShell.Core\Registry::HKEY_LOCAL_MACHINE\SOFTWARE\Microsoft\Windows\CurrentVersion\Policies\System; PSParentPath=Microsoft.PowerShell.Core\Registry::HKEY_LOCAL_MACHINE\SOFTWARE\Microsoft\Windows\CurrentVersion\Policies; PSChildName=System; PSDrive=HKLM; PSProvider=Microsoft.PowerShell.Core\Registry}"
2026-06-26 12:52:12.069,Warning,_TestRuleCompliance,_TestRuleCompliance,271,"Rule not compliant: RDP-EnableNetworkLevelAuthentication - Expected: 2, Got: @{SecurityLayer=2; PSPath=Microsoft.PowerShell.Core\Registry::HKEY_LOCAL_MACHINE\SYSTEM\CurrentControlSet\Control\Terminal Server\WinStations\RDP-Tcp; PSParentPath=Microsoft.PowerShell.Core\Registry::HKEY_LOCAL_MACHINE\SYSTEM\CurrentControlSet\Control\Terminal Server\WinStations; PSChildName=RDP-Tcp; PSDrive=HKLM; PSProvider=Microsoft.PowerShell.Core\Registry}"
2026-06-26 12:52:12.125,Warning,_TestRuleCompliance,_TestRuleCompliance,250,Rule not compliant: Encryption-DisableObsoleteCiphers - No value found
2026-06-26 12:52:12.139,Warning,_TestRuleCompliance,_TestRuleCompliance,250,Rule not compliant: Network-DisableIPv6 - No value found
2026-06-26 12:52:12.155,Warning,_TestRuleCompliance,_TestRuleCompliance,271,"Rule not compliant: Updates-EnableAutoSecurityUpdates - Expected: 0, Got: @{NoAutoUpdate=0; PSPath=Microsoft.PowerShell.Core\Registry::HKEY_LOCAL_MACHINE\SOFTWARE\Policies\Microsoft\Windows\WindowsUpdate\AU; PSParentPath=Microsoft.PowerShell.Core\Registry::HKEY_LOCAL_MACHINE\SOFTWARE\Policies\Microsoft\Windows\WindowsUpdate; PSChildName=AU; PSDrive=HKLM; PSProvider=Microsoft.PowerShell.Core\Registry}"
2026-06-26 12:52:12.185,Warning,_TestRuleCompliance,_TestRuleCompliance,279,Error testing rule Audit-EnableLogonAuditing: Error 0x00000522 occurred:
2026-06-26 12:52:12.199,Warning,_TestRuleCompliance,_TestRuleCompliance,271,"Rule not compliant: Registry-DisableLLMNR - Expected: 0, Got: @{EnableMulticast=1; PSPath=Microsoft.PowerShell.Core\Registry::HKEY_LOCAL_MACHINE\SOFTWARE\Policies\Microsoft\Windows NT\DNSClient; PSParentPath=Microsoft.PowerShell.Core\Registry::HKEY_LOCAL_MACHINE\SOFTWARE\Policies\Microsoft\Windows NT; PSChildName=DNSClient; PSDrive=HKLM; PSProvider=Microsoft.PowerShell.Core\Registry}"
2026-06-26 12:52:12.227,Warning,_TestRuleCompliance,_TestRuleCompliance,271,"Rule not compliant: Service-DisablePrintSpooler - Expected: Disabled, Got: Automatic"
2026-06-26 12:52:12.319,Info,Test-HardeningCompliance<Process>,Test-HardeningCompliance<Process>,172,Compliance verification complete: 8.33% compliant (1/12 rules)
2026-06-26 12:52:12.347,Info,Export-HardeningReport<Process>,Export-HardeningReport<Process>,101,Generating Text hardening report
2026-06-26 12:52:12.408,Info,New-HardeningSession,New-HardeningSession,101,"Initializing hardening session: Profile=Basis, Target=Client, OSVersion=11"
2026-06-26 12:52:12.417,Info,Get-HardeningProfile,Get-HardeningProfile,68,Loading hardening profile: Basis for Client
2026-06-26 12:52:12.425,Info,Get-HardeningProfile,Get-HardeningProfile,130,Profile loaded successfully: 12 rules for Client
2026-06-26 12:52:12.433,Info,New-HardeningSession,New-HardeningSession,138,"Hardening session created successfully. SessionId=30d6d21b-0617-4837-bbc7-5bbec2101750, Rules=12"
2026-06-26 12:52:12.439,Info,Test-HardeningCompliance<Process>,Test-HardeningCompliance<Process>,90,"Starting hardening compliance verification: Profile=Basis, Mode=Verify"
2026-06-26 12:52:12.446,Info,Get-HardeningProfile,Get-HardeningProfile,68,Loading hardening profile: Basis for Client
2026-06-26 12:52:12.456,Info,Get-HardeningProfile,Get-HardeningProfile,130,Profile loaded successfully: 12 rules for Client
2026-06-26 12:52:12.464,Warning,_TestRuleCompliance,_TestRuleCompliance,250,Rule not compliant: Account-MinimumPasswordLength - No value found
2026-06-26 12:52:12.478,Warning,_TestRuleCompliance,_TestRuleCompliance,250,Rule not compliant: Account-PasswordComplexity - No value found
2026-06-26 12:52:12.498,Warning,_TestRuleCompliance,_TestRuleCompliance,279,"Error testing rule Service-DisableSMB1: The requested operation requires elevation.
"
2026-06-26 12:52:12.507,Warning,_TestRuleCompliance,_TestRuleCompliance,271,"Rule not compliant: UAC-ElevationPrompt - Expected: 1, Got: @{PromptOnSecureDesktop=1; PSPath=Microsoft.PowerShell.Core\Registry::HKEY_LOCAL_MACHINE\SOFTWARE\Microsoft\Windows\CurrentVersion\Policies\System; PSParentPath=Microsoft.PowerShell.Core\Registry::HKEY_LOCAL_MACHINE\SOFTWARE\Microsoft\Windows\CurrentVersion\Policies; PSChildName=System; PSDrive=HKLM; PSProvider=Microsoft.PowerShell.Core\Registry}"
2026-06-26 12:52:12.516,Warning,_TestRuleCompliance,_TestRuleCompliance,271,"Rule not compliant: RDP-EnableNetworkLevelAuthentication - Expected: 2, Got: @{SecurityLayer=2; PSPath=Microsoft.PowerShell.Core\Registry::HKEY_LOCAL_MACHINE\SYSTEM\CurrentControlSet\Control\Terminal Server\WinStations\RDP-Tcp; PSParentPath=Microsoft.PowerShell.Core\Registry::HKEY_LOCAL_MACHINE\SYSTEM\CurrentControlSet\Control\Terminal Server\WinStations; PSChildName=RDP-Tcp; PSDrive=HKLM; PSProvider=Microsoft.PowerShell.Core\Registry}"
2026-06-26 12:52:12.563,Warning,_TestRuleCompliance,_TestRuleCompliance,250,Rule not compliant: Encryption-DisableObsoleteCiphers - No value found
2026-06-26 12:52:12.570,Warning,_TestRuleCompliance,_TestRuleCompliance,250,Rule not compliant: Network-DisableIPv6 - No value found
2026-06-26 12:52:12.578,Warning,_TestRuleCompliance,_TestRuleCompliance,271,"Rule not compliant: Updates-EnableAutoSecurityUpdates - Expected: 0, Got: @{NoAutoUpdate=0; PSPath=Microsoft.PowerShell.Core\Registry::HKEY_LOCAL_MACHINE\SOFTWARE\Policies\Microsoft\Windows\WindowsUpdate\AU; PSParentPath=Microsoft.PowerShell.Core\Registry::HKEY_LOCAL_MACHINE\SOFTWARE\Policies\Microsoft\Windows\WindowsUpdate; PSChildName=AU; PSDrive=HKLM; PSProvider=Microsoft.PowerShell.Core\Registry}"
2026-06-26 12:52:12.596,Warning,_TestRuleCompliance,_TestRuleCompliance,279,Error testing rule Audit-EnableLogonAuditing: Error 0x00000522 occurred:
2026-06-26 12:52:12.603,Warning,_TestRuleCompliance,_TestRuleCompliance,271,"Rule not compliant: Registry-DisableLLMNR - Expected: 0, Got: @{EnableMulticast=1; PSPath=Microsoft.PowerShell.Core\Registry::HKEY_LOCAL_MACHINE\SOFTWARE\Policies\Microsoft\Windows NT\DNSClient; PSParentPath=Microsoft.PowerShell.Core\Registry::HKEY_LOCAL_MACHINE\SOFTWARE\Policies\Microsoft\Windows NT; PSChildName=DNSClient; PSDrive=HKLM; PSProvider=Microsoft.PowerShell.Core\Registry}"
2026-06-26 12:52:12.611,Warning,_TestRuleCompliance,_TestRuleCompliance,271,"Rule not compliant: Service-DisablePrintSpooler - Expected: Disabled, Got: Automatic"
2026-06-26 12:52:12.619,Info,Test-HardeningCompliance<Process>,Test-HardeningCompliance<Process>,172,Compliance verification complete: 8.33% compliant (1/12 rules)
2026-06-26 12:52:12.634,Info,Export-HardeningReport<Process>,Export-HardeningReport<Process>,101,Generating JSON hardening report
2026-06-26 12:52:12.692,Info,New-HardeningSession,New-HardeningSession,101,"Initializing hardening session: Profile=Basis, Target=Client, OSVersion=11"
2026-06-26 12:52:12.698,Info,Get-HardeningProfile,Get-HardeningProfile,68,Loading hardening profile: Basis for Client
2026-06-26 12:52:12.707,Info,Get-HardeningProfile,Get-HardeningProfile,130,Profile loaded successfully: 12 rules for Client
2026-06-26 12:52:12.712,Info,New-HardeningSession,New-HardeningSession,138,"Hardening session created successfully. SessionId=308c4a36-1e4e-4fff-90de-a2362a220142, Rules=12"
2026-06-26 12:52:12.721,Info,Test-HardeningCompliance<Process>,Test-HardeningCompliance<Process>,90,"Starting hardening compliance verification: Profile=Basis, Mode=Verify"
2026-06-26 12:52:12.730,Info,Get-HardeningProfile,Get-HardeningProfile,68,Loading hardening profile: Basis for Client
2026-06-26 12:52:12.741,Info,Get-HardeningProfile,Get-HardeningProfile,130,Profile loaded successfully: 12 rules for Client
2026-06-26 12:52:12.748,Warning,_TestRuleCompliance,_TestRuleCompliance,250,Rule not compliant: Account-MinimumPasswordLength - No value found
2026-06-26 12:52:12.759,Warning,_TestRuleCompliance,_TestRuleCompliance,250,Rule not compliant: Account-PasswordComplexity - No value found
2026-06-26 12:52:12.804,Warning,_TestRuleCompliance,_TestRuleCompliance,279,"Error testing rule Service-DisableSMB1: The requested operation requires elevation.
"
2026-06-26 12:52:12.813,Warning,_TestRuleCompliance,_TestRuleCompliance,271,"Rule not compliant: UAC-ElevationPrompt - Expected: 1, Got: @{PromptOnSecureDesktop=1; PSPath=Microsoft.PowerShell.Core\Registry::HKEY_LOCAL_MACHINE\SOFTWARE\Microsoft\Windows\CurrentVersion\Policies\System; PSParentPath=Microsoft.PowerShell.Core\Registry::HKEY_LOCAL_MACHINE\SOFTWARE\Microsoft\Windows\CurrentVersion\Policies; PSChildName=System; PSDrive=HKLM; PSProvider=Microsoft.PowerShell.Core\Registry}"
2026-06-26 12:52:12.824,Warning,_TestRuleCompliance,_TestRuleCompliance,271,"Rule not compliant: RDP-EnableNetworkLevelAuthentication - Expected: 2, Got: @{SecurityLayer=2; PSPath=Microsoft.PowerShell.Core\Registry::HKEY_LOCAL_MACHINE\SYSTEM\CurrentControlSet\Control\Terminal Server\WinStations\RDP-Tcp; PSParentPath=Microsoft.PowerShell.Core\Registry::HKEY_LOCAL_MACHINE\SYSTEM\CurrentControlSet\Control\Terminal Server\WinStations; PSChildName=RDP-Tcp; PSDrive=HKLM; PSProvider=Microsoft.PowerShell.Core\Registry}"
2026-06-26 12:52:12.872,Warning,_TestRuleCompliance,_TestRuleCompliance,250,Rule not compliant: Encryption-DisableObsoleteCiphers - No value found
2026-06-26 12:52:12.880,Warning,_TestRuleCompliance,_TestRuleCompliance,250,Rule not compliant: Network-DisableIPv6 - No value found
2026-06-26 12:52:12.889,Warning,_TestRuleCompliance,_TestRuleCompliance,271,"Rule not compliant: Updates-EnableAutoSecurityUpdates - Expected: 0, Got: @{NoAutoUpdate=0; PSPath=Microsoft.PowerShell.Core\Registry::HKEY_LOCAL_MACHINE\SOFTWARE\Policies\Microsoft\Windows\WindowsUpdate\AU; PSParentPath=Microsoft.PowerShell.Core\Registry::HKEY_LOCAL_MACHINE\SOFTWARE\Policies\Microsoft\Windows\WindowsUpdate; PSChildName=AU; PSDrive=HKLM; PSProvider=Microsoft.PowerShell.Core\Registry}"
2026-06-26 12:52:12.908,Warning,_TestRuleCompliance,_TestRuleCompliance,279,Error testing rule Audit-EnableLogonAuditing: Error 0x00000522 occurred:
2026-06-26 12:52:12.915,Warning,_TestRuleCompliance,_TestRuleCompliance,271,"Rule not compliant: Registry-DisableLLMNR - Expected: 0, Got: @{EnableMulticast=1; PSPath=Microsoft.PowerShell.Core\Registry::HKEY_LOCAL_MACHINE\SOFTWARE\Policies\Microsoft\Windows NT\DNSClient; PSParentPath=Microsoft.PowerShell.Core\Registry::HKEY_LOCAL_MACHINE\SOFTWARE\Policies\Microsoft\Windows NT; PSChildName=DNSClient; PSDrive=HKLM; PSProvider=Microsoft.PowerShell.Core\Registry}"
2026-06-26 12:52:12.924,Warning,_TestRuleCompliance,_TestRuleCompliance,271,"Rule not compliant: Service-DisablePrintSpooler - Expected: Disabled, Got: Automatic"
2026-06-26 12:52:12.931,Info,Test-HardeningCompliance<Process>,Test-HardeningCompliance<Process>,172,Compliance verification complete: 8.33% compliant (1/12 rules)
2026-06-26 12:52:12.947,Info,Export-HardeningReport<Process>,Export-HardeningReport<Process>,101,Generating CSV hardening report
2026-06-26 12:52:12.975,Info,New-HardeningSession,New-HardeningSession,101,"Initializing hardening session: Profile=Basis, Target=Client, OSVersion=11"
2026-06-26 12:52:12.982,Info,Get-HardeningProfile,Get-HardeningProfile,68,Loading hardening profile: Basis for Client
2026-06-26 12:52:12.991,Info,Get-HardeningProfile,Get-HardeningProfile,130,Profile loaded successfully: 12 rules for Client
2026-06-26 12:52:12.997,Info,New-HardeningSession,New-HardeningSession,138,"Hardening session created successfully. SessionId=bc43e7ff-01d7-420d-8f5f-e30eb7054b7e, Rules=12"
2026-06-26 12:52:13.005,Info,Test-HardeningCompliance<Process>,Test-HardeningCompliance<Process>,90,"Starting hardening compliance verification: Profile=Basis, Mode=Verify"
2026-06-26 12:52:13.014,Info,Get-HardeningProfile,Get-HardeningProfile,68,Loading hardening profile: Basis for Client
2026-06-26 12:52:13.024,Info,Get-HardeningProfile,Get-HardeningProfile,130,Profile loaded successfully: 12 rules for Client
2026-06-26 12:52:13.032,Warning,_TestRuleCompliance,_TestRuleCompliance,250,Rule not compliant: Account-MinimumPasswordLength - No value found
2026-06-26 12:52:13.041,Warning,_TestRuleCompliance,_TestRuleCompliance,250,Rule not compliant: Account-PasswordComplexity - No value found
2026-06-26 12:52:13.062,Warning,_TestRuleCompliance,_TestRuleCompliance,279,"Error testing rule Service-DisableSMB1: The requested operation requires elevation.
"
2026-06-26 12:52:13.071,Warning,_TestRuleCompliance,_TestRuleCompliance,271,"Rule not compliant: UAC-ElevationPrompt - Expected: 1, Got: @{PromptOnSecureDesktop=1; PSPath=Microsoft.PowerShell.Core\Registry::HKEY_LOCAL_MACHINE\SOFTWARE\Microsoft\Windows\CurrentVersion\Policies\System; PSParentPath=Microsoft.PowerShell.Core\Registry::HKEY_LOCAL_MACHINE\SOFTWARE\Microsoft\Windows\CurrentVersion\Policies; PSChildName=System; PSDrive=HKLM; PSProvider=Microsoft.PowerShell.Core\Registry}"
2026-06-26 12:52:13.080,Warning,_TestRuleCompliance,_TestRuleCompliance,271,"Rule not compliant: RDP-EnableNetworkLevelAuthentication - Expected: 2, Got: @{SecurityLayer=2; PSPath=Microsoft.PowerShell.Core\Registry::HKEY_LOCAL_MACHINE\SYSTEM\CurrentControlSet\Control\Terminal Server\WinStations\RDP-Tcp; PSParentPath=Microsoft.PowerShell.Core\Registry::HKEY_LOCAL_MACHINE\SYSTEM\CurrentControlSet\Control\Terminal Server\WinStations; PSChildName=RDP-Tcp; PSDrive=HKLM; PSProvider=Microsoft.PowerShell.Core\Registry}"
2026-06-26 12:52:13.125,Warning,_TestRuleCompliance,_TestRuleCompliance,250,Rule not compliant: Encryption-DisableObsoleteCiphers - No value found
2026-06-26 12:52:13.133,Warning,_TestRuleCompliance,_TestRuleCompliance,250,Rule not compliant: Network-DisableIPv6 - No value found
2026-06-26 12:52:13.142,Warning,_TestRuleCompliance,_TestRuleCompliance,271,"Rule not compliant: Updates-EnableAutoSecurityUpdates - Expected: 0, Got: @{NoAutoUpdate=0; PSPath=Microsoft.PowerShell.Core\Registry::HKEY_LOCAL_MACHINE\SOFTWARE\Policies\Microsoft\Windows\WindowsUpdate\AU; PSParentPath=Microsoft.PowerShell.Core\Registry::HKEY_LOCAL_MACHINE\SOFTWARE\Policies\Microsoft\Windows\WindowsUpdate; PSChildName=AU; PSDrive=HKLM; PSProvider=Microsoft.PowerShell.Core\Registry}"
2026-06-26 12:52:13.160,Warning,_TestRuleCompliance,_TestRuleCompliance,279,Error testing rule Audit-EnableLogonAuditing: Error 0x00000522 occurred:
2026-06-26 12:52:13.168,Warning,_TestRuleCompliance,_TestRuleCompliance,271,"Rule not compliant: Registry-DisableLLMNR - Expected: 0, Got: @{EnableMulticast=1; PSPath=Microsoft.PowerShell.Core\Registry::HKEY_LOCAL_MACHINE\SOFTWARE\Policies\Microsoft\Windows NT\DNSClient; PSParentPath=Microsoft.PowerShell.Core\Registry::HKEY_LOCAL_MACHINE\SOFTWARE\Policies\Microsoft\Windows NT; PSChildName=DNSClient; PSDrive=HKLM; PSProvider=Microsoft.PowerShell.Core\Registry}"
2026-06-26 12:52:13.176,Warning,_TestRuleCompliance,_TestRuleCompliance,271,"Rule not compliant: Service-DisablePrintSpooler - Expected: Disabled, Got: Automatic"
2026-06-26 12:52:13.184,Info,Test-HardeningCompliance<Process>,Test-HardeningCompliance<Process>,172,Compliance verification complete: 8.33% compliant (1/12 rules)
2026-06-26 12:52:13.202,Info,Export-HardeningReport<Process>,Export-HardeningReport<Process>,101,Generating HTML hardening report
2026-06-26 12:52:13.229,Info,New-HardeningSession,New-HardeningSession,101,"Initializing hardening session: Profile=Basis, Target=Client, OSVersion=11"
2026-06-26 12:52:13.235,Info,Get-HardeningProfile,Get-HardeningProfile,68,Loading hardening profile: Basis for Client
2026-06-26 12:52:13.245,Info,Get-HardeningProfile,Get-HardeningProfile,130,Profile loaded successfully: 12 rules for Client
2026-06-26 12:52:13.249,Info,New-HardeningSession,New-HardeningSession,138,"Hardening session created successfully. SessionId=0672b7a7-31a2-4209-8f9c-086c315d59ba, Rules=12"
2026-06-26 12:52:13.257,Info,Test-HardeningCompliance<Process>,Test-HardeningCompliance<Process>,90,"Starting hardening compliance verification: Profile=Basis, Mode=Verify"
2026-06-26 12:52:13.266,Info,Get-HardeningProfile,Get-HardeningProfile,68,Loading hardening profile: Basis for Client
2026-06-26 12:52:13.277,Info,Get-HardeningProfile,Get-HardeningProfile,130,Profile loaded successfully: 12 rules for Client
2026-06-26 12:52:13.284,Warning,_TestRuleCompliance,_TestRuleCompliance,250,Rule not compliant: Account-MinimumPasswordLength - No value found
2026-06-26 12:52:13.293,Warning,_TestRuleCompliance,_TestRuleCompliance,250,Rule not compliant: Account-PasswordComplexity - No value found
2026-06-26 12:52:13.313,Warning,_TestRuleCompliance,_TestRuleCompliance,279,"Error testing rule Service-DisableSMB1: The requested operation requires elevation.
"
2026-06-26 12:52:13.321,Warning,_TestRuleCompliance,_TestRuleCompliance,271,"Rule not compliant: UAC-ElevationPrompt - Expected: 1, Got: @{PromptOnSecureDesktop=1; PSPath=Microsoft.PowerShell.Core\Registry::HKEY_LOCAL_MACHINE\SOFTWARE\Microsoft\Windows\CurrentVersion\Policies\System; PSParentPath=Microsoft.PowerShell.Core\Registry::HKEY_LOCAL_MACHINE\SOFTWARE\Microsoft\Windows\CurrentVersion\Policies; PSChildName=System; PSDrive=HKLM; PSProvider=Microsoft.PowerShell.Core\Registry}"
2026-06-26 12:52:13.330,Warning,_TestRuleCompliance,_TestRuleCompliance,271,"Rule not compliant: RDP-EnableNetworkLevelAuthentication - Expected: 2, Got: @{SecurityLayer=2; PSPath=Microsoft.PowerShell.Core\Registry::HKEY_LOCAL_MACHINE\SYSTEM\CurrentControlSet\Control\Terminal Server\WinStations\RDP-Tcp; PSParentPath=Microsoft.PowerShell.Core\Registry::HKEY_LOCAL_MACHINE\SYSTEM\CurrentControlSet\Control\Terminal Server\WinStations; PSChildName=RDP-Tcp; PSDrive=HKLM; PSProvider=Microsoft.PowerShell.Core\Registry}"
2026-06-26 12:52:13.376,Warning,_TestRuleCompliance,_TestRuleCompliance,250,Rule not compliant: Encryption-DisableObsoleteCiphers - No value found
2026-06-26 12:52:13.384,Warning,_TestRuleCompliance,_TestRuleCompliance,250,Rule not compliant: Network-DisableIPv6 - No value found
2026-06-26 12:52:13.392,Warning,_TestRuleCompliance,_TestRuleCompliance,271,"Rule not compliant: Updates-EnableAutoSecurityUpdates - Expected: 0, Got: @{NoAutoUpdate=0; PSPath=Microsoft.PowerShell.Core\Registry::HKEY_LOCAL_MACHINE\SOFTWARE\Policies\Microsoft\Windows\WindowsUpdate\AU; PSParentPath=Microsoft.PowerShell.Core\Registry::HKEY_LOCAL_MACHINE\SOFTWARE\Policies\Microsoft\Windows\WindowsUpdate; PSChildName=AU; PSDrive=HKLM; PSProvider=Microsoft.PowerShell.Core\Registry}"
2026-06-26 12:52:13.412,Warning,_TestRuleCompliance,_TestRuleCompliance,279,Error testing rule Audit-EnableLogonAuditing: Error 0x00000522 occurred:
2026-06-26 12:52:13.420,Warning,_TestRuleCompliance,_TestRuleCompliance,271,"Rule not compliant: Registry-DisableLLMNR - Expected: 0, Got: @{EnableMulticast=1; PSPath=Microsoft.PowerShell.Core\Registry::HKEY_LOCAL_MACHINE\SOFTWARE\Policies\Microsoft\Windows NT\DNSClient; PSParentPath=Microsoft.PowerShell.Core\Registry::HKEY_LOCAL_MACHINE\SOFTWARE\Policies\Microsoft\Windows NT; PSChildName=DNSClient; PSDrive=HKLM; PSProvider=Microsoft.PowerShell.Core\Registry}"
2026-06-26 12:52:13.432,Warning,_TestRuleCompliance,_TestRuleCompliance,271,"Rule not compliant: Service-DisablePrintSpooler - Expected: Disabled, Got: Automatic"
2026-06-26 12:52:13.440,Info,Test-HardeningCompliance<Process>,Test-HardeningCompliance<Process>,172,Compliance verification complete: 8.33% compliant (1/12 rules)
2026-06-26 12:52:13.454,Info,Export-HardeningReport<Process>,Export-HardeningReport<Process>,101,Generating Text hardening report
2026-06-26 12:52:13.488,Info,New-HardeningSession,New-HardeningSession,101,"Initializing hardening session: Profile=Basis, Target=Client, OSVersion=11"
2026-06-26 12:52:13.495,Info,Get-HardeningProfile,Get-HardeningProfile,68,Loading hardening profile: Basis for Client
2026-06-26 12:52:13.504,Info,Get-HardeningProfile,Get-HardeningProfile,130,Profile loaded successfully: 12 rules for Client
2026-06-26 12:52:13.510,Info,New-HardeningSession,New-HardeningSession,138,"Hardening session created successfully. SessionId=0d19ef54-676f-4a3a-b60b-64c8fd93d2bf, Rules=12"
2026-06-26 12:52:13.518,Info,Test-HardeningCompliance<Process>,Test-HardeningCompliance<Process>,90,"Starting hardening compliance verification: Profile=Basis, Mode=Verify"
2026-06-26 12:52:13.526,Info,Get-HardeningProfile,Get-HardeningProfile,68,Loading hardening profile: Basis for Client
2026-06-26 12:52:13.536,Info,Get-HardeningProfile,Get-HardeningProfile,130,Profile loaded successfully: 12 rules for Client
2026-06-26 12:52:13.548,Warning,_TestRuleCompliance,_TestRuleCompliance,250,Rule not compliant: Account-MinimumPasswordLength - No value found
2026-06-26 12:52:13.557,Warning,_TestRuleCompliance,_TestRuleCompliance,250,Rule not compliant: Account-PasswordComplexity - No value found
2026-06-26 12:52:13.577,Warning,_TestRuleCompliance,_TestRuleCompliance,279,"Error testing rule Service-DisableSMB1: The requested operation requires elevation.
"
2026-06-26 12:52:13.584,Warning,_TestRuleCompliance,_TestRuleCompliance,271,"Rule not compliant: UAC-ElevationPrompt - Expected: 1, Got: @{PromptOnSecureDesktop=1; PSPath=Microsoft.PowerShell.Core\Registry::HKEY_LOCAL_MACHINE\SOFTWARE\Microsoft\Windows\CurrentVersion\Policies\System; PSParentPath=Microsoft.PowerShell.Core\Registry::HKEY_LOCAL_MACHINE\SOFTWARE\Microsoft\Windows\CurrentVersion\Policies; PSChildName=System; PSDrive=HKLM; PSProvider=Microsoft.PowerShell.Core\Registry}"
2026-06-26 12:52:13.594,Warning,_TestRuleCompliance,_TestRuleCompliance,271,"Rule not compliant: RDP-EnableNetworkLevelAuthentication - Expected: 2, Got: @{SecurityLayer=2; PSPath=Microsoft.PowerShell.Core\Registry::HKEY_LOCAL_MACHINE\SYSTEM\CurrentControlSet\Control\Terminal Server\WinStations\RDP-Tcp; PSParentPath=Microsoft.PowerShell.Core\Registry::HKEY_LOCAL_MACHINE\SYSTEM\CurrentControlSet\Control\Terminal Server\WinStations; PSChildName=RDP-Tcp; PSDrive=HKLM; PSProvider=Microsoft.PowerShell.Core\Registry}"
2026-06-26 12:52:13.640,Warning,_TestRuleCompliance,_TestRuleCompliance,250,Rule not compliant: Encryption-DisableObsoleteCiphers - No value found
2026-06-26 12:52:13.651,Warning,_TestRuleCompliance,_TestRuleCompliance,250,Rule not compliant: Network-DisableIPv6 - No value found
2026-06-26 12:52:13.660,Warning,_TestRuleCompliance,_TestRuleCompliance,271,"Rule not compliant: Updates-EnableAutoSecurityUpdates - Expected: 0, Got: @{NoAutoUpdate=0; PSPath=Microsoft.PowerShell.Core\Registry::HKEY_LOCAL_MACHINE\SOFTWARE\Policies\Microsoft\Windows\WindowsUpdate\AU; PSParentPath=Microsoft.PowerShell.Core\Registry::HKEY_LOCAL_MACHINE\SOFTWARE\Policies\Microsoft\Windows\WindowsUpdate; PSChildName=AU; PSDrive=HKLM; PSProvider=Microsoft.PowerShell.Core\Registry}"
2026-06-26 12:52:13.678,Warning,_TestRuleCompliance,_TestRuleCompliance,279,Error testing rule Audit-EnableLogonAuditing: Error 0x00000522 occurred:
2026-06-26 12:52:13.685,Warning,_TestRuleCompliance,_TestRuleCompliance,271,"Rule not compliant: Registry-DisableLLMNR - Expected: 0, Got: @{EnableMulticast=1; PSPath=Microsoft.PowerShell.Core\Registry::HKEY_LOCAL_MACHINE\SOFTWARE\Policies\Microsoft\Windows NT\DNSClient; PSParentPath=Microsoft.PowerShell.Core\Registry::HKEY_LOCAL_MACHINE\SOFTWARE\Policies\Microsoft\Windows NT; PSChildName=DNSClient; PSDrive=HKLM; PSProvider=Microsoft.PowerShell.Core\Registry}"
2026-06-26 12:52:13.694,Warning,_TestRuleCompliance,_TestRuleCompliance,271,"Rule not compliant: Service-DisablePrintSpooler - Expected: Disabled, Got: Automatic"
2026-06-26 12:52:13.701,Info,Test-HardeningCompliance<Process>,Test-HardeningCompliance<Process>,172,Compliance verification complete: 8.33% compliant (1/12 rules)
2026-06-26 12:52:13.710,Info,Export-HardeningReport<Process>,Export-HardeningReport<Process>,101,Generating Text hardening report
2026-06-26 12:52:13.736,Info,New-HardeningSession,New-HardeningSession,101,"Initializing hardening session: Profile=Basis, Target=Client, OSVersion=11"
2026-06-26 12:52:13.742,Info,Get-HardeningProfile,Get-HardeningProfile,68,Loading hardening profile: Basis for Client
2026-06-26 12:52:13.752,Info,Get-HardeningProfile,Get-HardeningProfile,130,Profile loaded successfully: 12 rules for Client
2026-06-26 12:52:13.757,Info,New-HardeningSession,New-HardeningSession,138,"Hardening session created successfully. SessionId=520fa5d7-8daa-44ee-9c05-81d48ed13db8, Rules=12"
2026-06-26 12:52:13.766,Info,Test-HardeningCompliance<Process>,Test-HardeningCompliance<Process>,90,"Starting hardening compliance verification: Profile=Basis, Mode=Verify"
2026-06-26 12:52:13.775,Info,Get-HardeningProfile,Get-HardeningProfile,68,Loading hardening profile: Basis for Client
2026-06-26 12:52:13.785,Info,Get-HardeningProfile,Get-HardeningProfile,130,Profile loaded successfully: 12 rules for Client
2026-06-26 12:52:13.792,Warning,_TestRuleCompliance,_TestRuleCompliance,250,Rule not compliant: Account-MinimumPasswordLength - No value found
2026-06-26 12:52:13.802,Warning,_TestRuleCompliance,_TestRuleCompliance,250,Rule not compliant: Account-PasswordComplexity - No value found
2026-06-26 12:52:13.828,Warning,_TestRuleCompliance,_TestRuleCompliance,279,"Error testing rule Service-DisableSMB1: The requested operation requires elevation.
"
2026-06-26 12:52:13.836,Warning,_TestRuleCompliance,_TestRuleCompliance,271,"Rule not compliant: UAC-ElevationPrompt - Expected: 1, Got: @{PromptOnSecureDesktop=1; PSPath=Microsoft.PowerShell.Core\Registry::HKEY_LOCAL_MACHINE\SOFTWARE\Microsoft\Windows\CurrentVersion\Policies\System; PSParentPath=Microsoft.PowerShell.Core\Registry::HKEY_LOCAL_MACHINE\SOFTWARE\Microsoft\Windows\CurrentVersion\Policies; PSChildName=System; PSDrive=HKLM; PSProvider=Microsoft.PowerShell.Core\Registry}"
2026-06-26 12:52:13.847,Warning,_TestRuleCompliance,_TestRuleCompliance,271,"Rule not compliant: RDP-EnableNetworkLevelAuthentication - Expected: 2, Got: @{SecurityLayer=2; PSPath=Microsoft.PowerShell.Core\Registry::HKEY_LOCAL_MACHINE\SYSTEM\CurrentControlSet\Control\Terminal Server\WinStations\RDP-Tcp; PSParentPath=Microsoft.PowerShell.Core\Registry::HKEY_LOCAL_MACHINE\SYSTEM\CurrentControlSet\Control\Terminal Server\WinStations; PSChildName=RDP-Tcp; PSDrive=HKLM; PSProvider=Microsoft.PowerShell.Core\Registry}"
2026-06-26 12:52:13.899,Warning,_TestRuleCompliance,_TestRuleCompliance,250,Rule not compliant: Encryption-DisableObsoleteCiphers - No value found
2026-06-26 12:52:13.907,Warning,_TestRuleCompliance,_TestRuleCompliance,250,Rule not compliant: Network-DisableIPv6 - No value found
2026-06-26 12:52:13.916,Warning,_TestRuleCompliance,_TestRuleCompliance,271,"Rule not compliant: Updates-EnableAutoSecurityUpdates - Expected: 0, Got: @{NoAutoUpdate=0; PSPath=Microsoft.PowerShell.Core\Registry::HKEY_LOCAL_MACHINE\SOFTWARE\Policies\Microsoft\Windows\WindowsUpdate\AU; PSParentPath=Microsoft.PowerShell.Core\Registry::HKEY_LOCAL_MACHINE\SOFTWARE\Policies\Microsoft\Windows\WindowsUpdate; PSChildName=AU; PSDrive=HKLM; PSProvider=Microsoft.PowerShell.Core\Registry}"
2026-06-26 12:52:13.935,Warning,_TestRuleCompliance,_TestRuleCompliance,279,Error testing rule Audit-EnableLogonAuditing: Error 0x00000522 occurred:
2026-06-26 12:52:13.942,Warning,_TestRuleCompliance,_TestRuleCompliance,271,"Rule not compliant: Registry-DisableLLMNR - Expected: 0, Got: @{EnableMulticast=1; PSPath=Microsoft.PowerShell.Core\Registry::HKEY_LOCAL_MACHINE\SOFTWARE\Policies\Microsoft\Windows NT\DNSClient; PSParentPath=Microsoft.PowerShell.Core\Registry::HKEY_LOCAL_MACHINE\SOFTWARE\Policies\Microsoft\Windows NT; PSChildName=DNSClient; PSDrive=HKLM; PSProvider=Microsoft.PowerShell.Core\Registry}"
2026-06-26 12:52:13.950,Warning,_TestRuleCompliance,_TestRuleCompliance,271,"Rule not compliant: Service-DisablePrintSpooler - Expected: Disabled, Got: Automatic"
2026-06-26 12:52:13.958,Info,Test-HardeningCompliance<Process>,Test-HardeningCompliance<Process>,172,Compliance verification complete: 8.33% compliant (1/12 rules)
2026-06-26 12:52:13.967,Info,Export-HardeningReport<Process>,Export-HardeningReport<Process>,101,Generating JSON hardening report
2026-06-26 12:52:14.012,Info,New-HardeningSession,New-HardeningSession,101,"Initializing hardening session: Profile=Basis, Target=Client, OSVersion=11"
2026-06-26 12:52:14.018,Info,Get-HardeningProfile,Get-HardeningProfile,68,Loading hardening profile: Basis for Client
2026-06-26 12:52:14.028,Info,Get-HardeningProfile,Get-HardeningProfile,130,Profile loaded successfully: 12 rules for Client
2026-06-26 12:52:14.034,Info,New-HardeningSession,New-HardeningSession,138,"Hardening session created successfully. SessionId=a3694710-64f1-4344-a71a-6a6283210943, Rules=12"
2026-06-26 12:52:14.043,Info,Test-HardeningCompliance<Process>,Test-HardeningCompliance<Process>,90,"Starting hardening compliance verification: Profile=Basis, Mode=Verify"
2026-06-26 12:52:14.050,Info,Get-HardeningProfile,Get-HardeningProfile,68,Loading hardening profile: Basis for Client
2026-06-26 12:52:14.060,Info,Get-HardeningProfile,Get-HardeningProfile,130,Profile loaded successfully: 12 rules for Client
2026-06-26 12:52:14.067,Warning,_TestRuleCompliance,_TestRuleCompliance,250,Rule not compliant: Account-MinimumPasswordLength - No value found
2026-06-26 12:52:14.078,Warning,_TestRuleCompliance,_TestRuleCompliance,250,Rule not compliant: Account-PasswordComplexity - No value found
2026-06-26 12:52:14.101,Warning,_TestRuleCompliance,_TestRuleCompliance,279,"Error testing rule Service-DisableSMB1: The requested operation requires elevation.
"
2026-06-26 12:52:14.109,Warning,_TestRuleCompliance,_TestRuleCompliance,271,"Rule not compliant: UAC-ElevationPrompt - Expected: 1, Got: @{PromptOnSecureDesktop=1; PSPath=Microsoft.PowerShell.Core\Registry::HKEY_LOCAL_MACHINE\SOFTWARE\Microsoft\Windows\CurrentVersion\Policies\System; PSParentPath=Microsoft.PowerShell.Core\Registry::HKEY_LOCAL_MACHINE\SOFTWARE\Microsoft\Windows\CurrentVersion\Policies; PSChildName=System; PSDrive=HKLM; PSProvider=Microsoft.PowerShell.Core\Registry}"
2026-06-26 12:52:14.123,Warning,_TestRuleCompliance,_TestRuleCompliance,271,"Rule not compliant: RDP-EnableNetworkLevelAuthentication - Expected: 2, Got: @{SecurityLayer=2; PSPath=Microsoft.PowerShell.Core\Registry::HKEY_LOCAL_MACHINE\SYSTEM\CurrentControlSet\Control\Terminal Server\WinStations\RDP-Tcp; PSParentPath=Microsoft.PowerShell.Core\Registry::HKEY_LOCAL_MACHINE\SYSTEM\CurrentControlSet\Control\Terminal Server\WinStations; PSChildName=RDP-Tcp; PSDrive=HKLM; PSProvider=Microsoft.PowerShell.Core\Registry}"
2026-06-26 12:52:14.171,Warning,_TestRuleCompliance,_TestRuleCompliance,250,Rule not compliant: Encryption-DisableObsoleteCiphers - No value found
2026-06-26 12:52:14.179,Warning,_TestRuleCompliance,_TestRuleCompliance,250,Rule not compliant: Network-DisableIPv6 - No value found
2026-06-26 12:52:14.188,Warning,_TestRuleCompliance,_TestRuleCompliance,271,"Rule not compliant: Updates-EnableAutoSecurityUpdates - Expected: 0, Got: @{NoAutoUpdate=0; PSPath=Microsoft.PowerShell.Core\Registry::HKEY_LOCAL_MACHINE\SOFTWARE\Policies\Microsoft\Windows\WindowsUpdate\AU; PSParentPath=Microsoft.PowerShell.Core\Registry::HKEY_LOCAL_MACHINE\SOFTWARE\Policies\Microsoft\Windows\WindowsUpdate; PSChildName=AU; PSDrive=HKLM; PSProvider=Microsoft.PowerShell.Core\Registry}"
2026-06-26 12:52:14.205,Warning,_TestRuleCompliance,_TestRuleCompliance,279,Error testing rule Audit-EnableLogonAuditing: Error 0x00000522 occurred:
2026-06-26 12:52:14.212,Warning,_TestRuleCompliance,_TestRuleCompliance,271,"Rule not compliant: Registry-DisableLLMNR - Expected: 0, Got: @{EnableMulticast=1; PSPath=Microsoft.PowerShell.Core\Registry::HKEY_LOCAL_MACHINE\SOFTWARE\Policies\Microsoft\Windows NT\DNSClient; PSParentPath=Microsoft.PowerShell.Core\Registry::HKEY_LOCAL_MACHINE\SOFTWARE\Policies\Microsoft\Windows NT; PSChildName=DNSClient; PSDrive=HKLM; PSProvider=Microsoft.PowerShell.Core\Registry}"
2026-06-26 12:52:14.221,Warning,_TestRuleCompliance,_TestRuleCompliance,271,"Rule not compliant: Service-DisablePrintSpooler - Expected: Disabled, Got: Automatic"
2026-06-26 12:52:14.228,Info,Test-HardeningCompliance<Process>,Test-HardeningCompliance<Process>,172,Compliance verification complete: 8.33% compliant (1/12 rules)
2026-06-26 12:52:14.236,Info,Export-HardeningReport<Process>,Export-HardeningReport<Process>,101,Generating CSV hardening report
2026-06-26 12:52:14.261,Info,New-HardeningSession,New-HardeningSession,101,"Initializing hardening session: Profile=Basis, Target=Client, OSVersion=11"
2026-06-26 12:52:14.267,Info,Get-HardeningProfile,Get-HardeningProfile,68,Loading hardening profile: Basis for Client
2026-06-26 12:52:14.277,Info,Get-HardeningProfile,Get-HardeningProfile,130,Profile loaded successfully: 12 rules for Client
2026-06-26 12:52:14.282,Info,New-HardeningSession,New-HardeningSession,138,"Hardening session created successfully. SessionId=67fb20c3-de5b-4aca-9677-d2c6940f965c, Rules=12"
2026-06-26 12:52:14.290,Info,Test-HardeningCompliance<Process>,Test-HardeningCompliance<Process>,90,"Starting hardening compliance verification: Profile=Basis, Mode=Verify"
2026-06-26 12:52:14.299,Info,Get-HardeningProfile,Get-HardeningProfile,68,Loading hardening profile: Basis for Client
2026-06-26 12:52:14.309,Info,Get-HardeningProfile,Get-HardeningProfile,130,Profile loaded successfully: 12 rules for Client
2026-06-26 12:52:14.316,Warning,_TestRuleCompliance,_TestRuleCompliance,250,Rule not compliant: Account-MinimumPasswordLength - No value found
2026-06-26 12:52:14.324,Warning,_TestRuleCompliance,_TestRuleCompliance,250,Rule not compliant: Account-PasswordComplexity - No value found
2026-06-26 12:52:14.346,Warning,_TestRuleCompliance,_TestRuleCompliance,279,"Error testing rule Service-DisableSMB1: The requested operation requires elevation.
"
2026-06-26 12:52:14.358,Warning,_TestRuleCompliance,_TestRuleCompliance,271,"Rule not compliant: UAC-ElevationPrompt - Expected: 1, Got: @{PromptOnSecureDesktop=1; PSPath=Microsoft.PowerShell.Core\Registry::HKEY_LOCAL_MACHINE\SOFTWARE\Microsoft\Windows\CurrentVersion\Policies\System; PSParentPath=Microsoft.PowerShell.Core\Registry::HKEY_LOCAL_MACHINE\SOFTWARE\Microsoft\Windows\CurrentVersion\Policies; PSChildName=System; PSDrive=HKLM; PSProvider=Microsoft.PowerShell.Core\Registry}"
2026-06-26 12:52:14.366,Warning,_TestRuleCompliance,_TestRuleCompliance,271,"Rule not compliant: RDP-EnableNetworkLevelAuthentication - Expected: 2, Got: @{SecurityLayer=2; PSPath=Microsoft.PowerShell.Core\Registry::HKEY_LOCAL_MACHINE\SYSTEM\CurrentControlSet\Control\Terminal Server\WinStations\RDP-Tcp; PSParentPath=Microsoft.PowerShell.Core\Registry::HKEY_LOCAL_MACHINE\SYSTEM\CurrentControlSet\Control\Terminal Server\WinStations; PSChildName=RDP-Tcp; PSDrive=HKLM; PSProvider=Microsoft.PowerShell.Core\Registry}"
2026-06-26 12:52:14.412,Warning,_TestRuleCompliance,_TestRuleCompliance,250,Rule not compliant: Encryption-DisableObsoleteCiphers - No value found
2026-06-26 12:52:14.420,Warning,_TestRuleCompliance,_TestRuleCompliance,250,Rule not compliant: Network-DisableIPv6 - No value found
2026-06-26 12:52:14.428,Warning,_TestRuleCompliance,_TestRuleCompliance,271,"Rule not compliant: Updates-EnableAutoSecurityUpdates - Expected: 0, Got: @{NoAutoUpdate=0; PSPath=Microsoft.PowerShell.Core\Registry::HKEY_LOCAL_MACHINE\SOFTWARE\Policies\Microsoft\Windows\WindowsUpdate\AU; PSParentPath=Microsoft.PowerShell.Core\Registry::HKEY_LOCAL_MACHINE\SOFTWARE\Policies\Microsoft\Windows\WindowsUpdate; PSChildName=AU; PSDrive=HKLM; PSProvider=Microsoft.PowerShell.Core\Registry}"
2026-06-26 12:52:14.444,Warning,_TestRuleCompliance,_TestRuleCompliance,279,Error testing rule Audit-EnableLogonAuditing: Error 0x00000522 occurred:
2026-06-26 12:52:14.452,Warning,_TestRuleCompliance,_TestRuleCompliance,271,"Rule not compliant: Registry-DisableLLMNR - Expected: 0, Got: @{EnableMulticast=1; PSPath=Microsoft.PowerShell.Core\Registry::HKEY_LOCAL_MACHINE\SOFTWARE\Policies\Microsoft\Windows NT\DNSClient; PSParentPath=Microsoft.PowerShell.Core\Registry::HKEY_LOCAL_MACHINE\SOFTWARE\Policies\Microsoft\Windows NT; PSChildName=DNSClient; PSDrive=HKLM; PSProvider=Microsoft.PowerShell.Core\Registry}"
2026-06-26 12:52:14.460,Warning,_TestRuleCompliance,_TestRuleCompliance,271,"Rule not compliant: Service-DisablePrintSpooler - Expected: Disabled, Got: Automatic"
2026-06-26 12:52:14.469,Info,Test-HardeningCompliance<Process>,Test-HardeningCompliance<Process>,172,Compliance verification complete: 8.33% compliant (1/12 rules)
2026-06-26 12:52:14.476,Info,Export-HardeningReport<Process>,Export-HardeningReport<Process>,101,Generating HTML hardening report
2026-06-26 12:52:14.504,Info,New-HardeningSession,New-HardeningSession,101,"Initializing hardening session: Profile=Recommended, Target=Client, OSVersion=11"
2026-06-26 12:52:14.510,Info,Get-HardeningProfile,Get-HardeningProfile,68,Loading hardening profile: Recommended for Client
2026-06-26 12:52:14.520,Info,Get-HardeningProfile,Get-HardeningProfile,130,Profile loaded successfully: 21 rules for Client
2026-06-26 12:52:14.526,Info,New-HardeningSession,New-HardeningSession,138,"Hardening session created successfully. SessionId=8afa0d99-442a-49b6-be17-192ec5e02b17, Rules=21"
2026-06-26 12:52:14.534,Info,Test-HardeningCompliance<Process>,Test-HardeningCompliance<Process>,90,"Starting hardening compliance verification: Profile=Recommended, Mode=Verify"
2026-06-26 12:52:14.542,Info,Get-HardeningProfile,Get-HardeningProfile,68,Loading hardening profile: Recommended for Client
2026-06-26 12:52:14.557,Info,Get-HardeningProfile,Get-HardeningProfile,130,Profile loaded successfully: 21 rules for Client
2026-06-26 12:52:14.563,Warning,_TestRuleCompliance,_TestRuleCompliance,250,Rule not compliant: Account-MinimumPasswordLength - No value found
2026-06-26 12:52:14.572,Warning,_TestRuleCompliance,_TestRuleCompliance,250,Rule not compliant: Account-PasswordComplexity - No value found
2026-06-26 12:52:14.586,Warning,_TestRuleCompliance,_TestRuleCompliance,250,Rule not compliant: Account-AccountLockoutDuration - No value found
2026-06-26 12:52:14.981,Warning,_TestRuleCompliance,_TestRuleCompliance,250,Rule not compliant: Firewall-DisableICMPEcho - No value found
2026-06-26 12:52:14.989,Warning,_TestRuleCompliance,_TestRuleCompliance,279,"Error testing rule Service-DisableSMB1: The requested operation requires elevation.
"
2026-06-26 12:52:15.009,Warning,_TestRuleCompliance,_TestRuleCompliance,271,"Rule not compliant: Service-DisableUnnecessaryServices - Expected: Disabled Disabled Disabled, Got: Manual"
2026-06-26 12:52:15.017,Warning,_TestRuleCompliance,_TestRuleCompliance,271,"Rule not compliant: UAC-ElevationPrompt - Expected: 1, Got: @{PromptOnSecureDesktop=1; PSPath=Microsoft.PowerShell.Core\Registry::HKEY_LOCAL_MACHINE\SOFTWARE\Microsoft\Windows\CurrentVersion\Policies\System; PSParentPath=Microsoft.PowerShell.Core\Registry::HKEY_LOCAL_MACHINE\SOFTWARE\Microsoft\Windows\CurrentVersion\Policies; PSChildName=System; PSDrive=HKLM; PSProvider=Microsoft.PowerShell.Core\Registry}"
2026-06-26 12:52:15.031,Warning,_TestRuleCompliance,_TestRuleCompliance,250,Rule not compliant: Registry-EnableDEP - No value found
2026-06-26 12:52:15.046,Warning,_TestRuleCompliance,_TestRuleCompliance,250,Rule not compliant: Registry-EnforceSMBSigning - No value found
2026-06-26 12:52:15.055,Warning,_TestRuleCompliance,_TestRuleCompliance,271,"Rule not compliant: RDP-EnableNetworkLevelAuthentication - Expected: 2, Got: @{SecurityLayer=2; PSPath=Microsoft.PowerShell.Core\Registry::HKEY_LOCAL_MACHINE\SYSTEM\CurrentControlSet\Control\Terminal Server\WinStations\RDP-Tcp; PSParentPath=Microsoft.PowerShell.Core\Registry::HKEY_LOCAL_MACHINE\SYSTEM\CurrentControlSet\Control\Terminal Server\WinStations; PSChildName=RDP-Tcp; PSDrive=HKLM; PSProvider=Microsoft.PowerShell.Core\Registry}"
2026-06-26 12:52:15.069,Warning,_TestRuleCompliance,_TestRuleCompliance,271,"Rule not compliant: RDP-SetEncryptionLevel - Expected: 3, Got: @{MinEncryptionLevel=2; PSPath=Microsoft.PowerShell.Core\Registry::HKEY_LOCAL_MACHINE\SYSTEM\CurrentControlSet\Control\Terminal Server\WinStations\RDP-Tcp; PSParentPath=Microsoft.PowerShell.Core\Registry::HKEY_LOCAL_MACHINE\SYSTEM\CurrentControlSet\Control\Terminal Server\WinStations; PSChildName=RDP-Tcp; PSDrive=HKLM; PSProvider=Microsoft.PowerShell.Core\Registry}"
2026-06-26 12:52:15.118,Warning,_TestRuleCompliance,_TestRuleCompliance,250,Rule not compliant: Encryption-DisableObsoleteCiphers - No value found
2026-06-26 12:52:15.126,Warning,_TestRuleCompliance,_TestRuleCompliance,250,Rule not compliant: Network-DisableIPv6 - No value found
2026-06-26 12:52:15.143,Warning,_TestRuleCompliance,_TestRuleCompliance,250,Rule not compliant: Network-DisableIPSourceRouting - No value found
2026-06-26 12:52:15.151,Warning,_TestRuleCompliance,_TestRuleCompliance,271,"Rule not compliant: Updates-EnableAutoSecurityUpdates - Expected: 0, Got: @{NoAutoUpdate=0; PSPath=Microsoft.PowerShell.Core\Registry::HKEY_LOCAL_MACHINE\SOFTWARE\Policies\Microsoft\Windows\WindowsUpdate\AU; PSParentPath=Microsoft.PowerShell.Core\Registry::HKEY_LOCAL_MACHINE\SOFTWARE\Policies\Microsoft\Windows\WindowsUpdate; PSChildName=AU; PSDrive=HKLM; PSProvider=Microsoft.PowerShell.Core\Registry}"
2026-06-26 12:52:15.169,Warning,_TestRuleCompliance,_TestRuleCompliance,279,Error testing rule Audit-EnableLogonAuditing: Error 0x00000522 occurred:
2026-06-26 12:52:15.192,Warning,_TestRuleCompliance,_TestRuleCompliance,279,Error testing rule Audit-EnablePrivilegeUseAuditing: Error 0x00000522 occurred:
2026-06-26 12:52:15.205,Warning,_TestRuleCompliance,_TestRuleCompliance,271,"Rule not compliant: Registry-DisableLLMNR - Expected: 0, Got: @{EnableMulticast=1; PSPath=Microsoft.PowerShell.Core\Registry::HKEY_LOCAL_MACHINE\SOFTWARE\Policies\Microsoft\Windows NT\DNSClient; PSParentPath=Microsoft.PowerShell.Core\Registry::HKEY_LOCAL_MACHINE\SOFTWARE\Policies\Microsoft\Windows NT; PSChildName=DNSClient; PSDrive=HKLM; PSProvider=Microsoft.PowerShell.Core\Registry}"
2026-06-26 12:52:15.214,Warning,_TestRuleCompliance,_TestRuleCompliance,271,"Rule not compliant: Service-DisablePrintSpooler - Expected: Disabled, Got: Automatic"
2026-06-26 12:52:15.227,Warning,_TestRuleCompliance,_TestRuleCompliance,250,Rule not compliant: Registry-EnforceNTLMv2 - No value found
2026-06-26 12:52:15.235,Info,Test-HardeningCompliance<Process>,Test-HardeningCompliance<Process>,172,Compliance verification complete: 4.76% compliant (1/21 rules)
2026-06-26 12:52:15.244,Info,Export-HardeningReport<Process>,Export-HardeningReport<Process>,101,Generating Text hardening report
2026-06-26 12:52:15.266,Info,New-HardeningSession,New-HardeningSession,101,"Initializing hardening session: Profile=Basis, Target=Client, OSVersion=11"
2026-06-26 12:52:15.272,Info,Get-HardeningProfile,Get-HardeningProfile,68,Loading hardening profile: Basis for Client
2026-06-26 12:52:15.282,Info,Get-HardeningProfile,Get-HardeningProfile,130,Profile loaded successfully: 12 rules for Client
2026-06-26 12:52:15.288,Info,New-HardeningSession,New-HardeningSession,138,"Hardening session created successfully. SessionId=8bc31f59-0a06-4985-bcf4-d37197c0248e, Rules=12"
2026-06-26 12:52:15.296,Info,Test-HardeningCompliance<Process>,Test-HardeningCompliance<Process>,90,"Starting hardening compliance verification: Profile=Basis, Mode=Verify"
2026-06-26 12:52:15.305,Info,Get-HardeningProfile,Get-HardeningProfile,68,Loading hardening profile: Basis for Client
2026-06-26 12:52:15.314,Info,Get-HardeningProfile,Get-HardeningProfile,130,Profile loaded successfully: 12 rules for Client
2026-06-26 12:52:15.323,Warning,_TestRuleCompliance,_TestRuleCompliance,250,Rule not compliant: Account-MinimumPasswordLength - No value found
2026-06-26 12:52:15.331,Warning,_TestRuleCompliance,_TestRuleCompliance,250,Rule not compliant: Account-PasswordComplexity - No value found
2026-06-26 12:52:15.354,Warning,_TestRuleCompliance,_TestRuleCompliance,279,"Error testing rule Service-DisableSMB1: The requested operation requires elevation.
"
2026-06-26 12:52:15.362,Warning,_TestRuleCompliance,_TestRuleCompliance,271,"Rule not compliant: UAC-ElevationPrompt - Expected: 1, Got: @{PromptOnSecureDesktop=1; PSPath=Microsoft.PowerShell.Core\Registry::HKEY_LOCAL_MACHINE\SOFTWARE\Microsoft\Windows\CurrentVersion\Policies\System; PSParentPath=Microsoft.PowerShell.Core\Registry::HKEY_LOCAL_MACHINE\SOFTWARE\Microsoft\Windows\CurrentVersion\Policies; PSChildName=System; PSDrive=HKLM; PSProvider=Microsoft.PowerShell.Core\Registry}"
2026-06-26 12:52:15.371,Warning,_TestRuleCompliance,_TestRuleCompliance,271,"Rule not compliant: RDP-EnableNetworkLevelAuthentication - Expected: 2, Got: @{SecurityLayer=2; PSPath=Microsoft.PowerShell.Core\Registry::HKEY_LOCAL_MACHINE\SYSTEM\CurrentControlSet\Control\Terminal Server\WinStations\RDP-Tcp; PSParentPath=Microsoft.PowerShell.Core\Registry::HKEY_LOCAL_MACHINE\SYSTEM\CurrentControlSet\Control\Terminal Server\WinStations; PSChildName=RDP-Tcp; PSDrive=HKLM; PSProvider=Microsoft.PowerShell.Core\Registry}"
2026-06-26 12:52:15.418,Warning,_TestRuleCompliance,_TestRuleCompliance,250,Rule not compliant: Encryption-DisableObsoleteCiphers - No value found
2026-06-26 12:52:15.428,Warning,_TestRuleCompliance,_TestRuleCompliance,250,Rule not compliant: Network-DisableIPv6 - No value found
2026-06-26 12:52:15.436,Warning,_TestRuleCompliance,_TestRuleCompliance,271,"Rule not compliant: Updates-EnableAutoSecurityUpdates - Expected: 0, Got: @{NoAutoUpdate=0; PSPath=Microsoft.PowerShell.Core\Registry::HKEY_LOCAL_MACHINE\SOFTWARE\Policies\Microsoft\Windows\WindowsUpdate\AU; PSParentPath=Microsoft.PowerShell.Core\Registry::HKEY_LOCAL_MACHINE\SOFTWARE\Policies\Microsoft\Windows\WindowsUpdate; PSChildName=AU; PSDrive=HKLM; PSProvider=Microsoft.PowerShell.Core\Registry}"
2026-06-26 12:52:15.452,Warning,_TestRuleCompliance,_TestRuleCompliance,279,Error testing rule Audit-EnableLogonAuditing: Error 0x00000522 occurred:
2026-06-26 12:52:15.461,Warning,_TestRuleCompliance,_TestRuleCompliance,271,"Rule not compliant: Registry-DisableLLMNR - Expected: 0, Got: @{EnableMulticast=1; PSPath=Microsoft.PowerShell.Core\Registry::HKEY_LOCAL_MACHINE\SOFTWARE\Policies\Microsoft\Windows NT\DNSClient; PSParentPath=Microsoft.PowerShell.Core\Registry::HKEY_LOCAL_MACHINE\SOFTWARE\Policies\Microsoft\Windows NT; PSChildName=DNSClient; PSDrive=HKLM; PSProvider=Microsoft.PowerShell.Core\Registry}"
2026-06-26 12:52:15.468,Warning,_TestRuleCompliance,_TestRuleCompliance,271,"Rule not compliant: Service-DisablePrintSpooler - Expected: Disabled, Got: Automatic"
2026-06-26 12:52:15.475,Info,Test-HardeningCompliance<Process>,Test-HardeningCompliance<Process>,172,Compliance verification complete: 8.33% compliant (1/12 rules)
2026-06-26 12:52:15.490,Info,Export-HardeningReport<Process>,Export-HardeningReport<Process>,101,Generating Text hardening report
2026-06-26 12:52:15.528,Info,New-HardeningSession,New-HardeningSession,101,"Initializing hardening session: Profile=Basis, Target=Client, OSVersion=11"
2026-06-26 12:52:15.534,Info,Get-HardeningProfile,Get-HardeningProfile,68,Loading hardening profile: Basis for Client
2026-06-26 12:52:15.545,Info,Get-HardeningProfile,Get-HardeningProfile,130,Profile loaded successfully: 12 rules for Client
2026-06-26 12:52:15.550,Info,New-HardeningSession,New-HardeningSession,138,"Hardening session created successfully. SessionId=ae39d071-c108-479a-ace6-6b8ac3bc82b1, Rules=12"
2026-06-26 12:52:15.559,Info,Test-HardeningCompliance<Process>,Test-HardeningCompliance<Process>,90,"Starting hardening compliance verification: Profile=Basis, Mode=Verify"
2026-06-26 12:52:15.567,Info,Get-HardeningProfile,Get-HardeningProfile,68,Loading hardening profile: Basis for Client
2026-06-26 12:52:15.577,Info,Get-HardeningProfile,Get-HardeningProfile,130,Profile loaded successfully: 12 rules for Client
2026-06-26 12:52:15.585,Warning,_TestRuleCompliance,_TestRuleCompliance,250,Rule not compliant: Account-MinimumPasswordLength - No value found
2026-06-26 12:52:15.594,Warning,_TestRuleCompliance,_TestRuleCompliance,250,Rule not compliant: Account-PasswordComplexity - No value found
2026-06-26 12:52:15.614,Warning,_TestRuleCompliance,_TestRuleCompliance,279,"Error testing rule Service-DisableSMB1: The requested operation requires elevation.
"
2026-06-26 12:52:15.623,Warning,_TestRuleCompliance,_TestRuleCompliance,271,"Rule not compliant: UAC-ElevationPrompt - Expected: 1, Got: @{PromptOnSecureDesktop=1; PSPath=Microsoft.PowerShell.Core\Registry::HKEY_LOCAL_MACHINE\SOFTWARE\Microsoft\Windows\CurrentVersion\Policies\System; PSParentPath=Microsoft.PowerShell.Core\Registry::HKEY_LOCAL_MACHINE\SOFTWARE\Microsoft\Windows\CurrentVersion\Policies; PSChildName=System; PSDrive=HKLM; PSProvider=Microsoft.PowerShell.Core\Registry}"
2026-06-26 12:52:15.631,Warning,_TestRuleCompliance,_TestRuleCompliance,271,"Rule not compliant: RDP-EnableNetworkLevelAuthentication - Expected: 2, Got: @{SecurityLayer=2; PSPath=Microsoft.PowerShell.Core\Registry::HKEY_LOCAL_MACHINE\SYSTEM\CurrentControlSet\Control\Terminal Server\WinStations\RDP-Tcp; PSParentPath=Microsoft.PowerShell.Core\Registry::HKEY_LOCAL_MACHINE\SYSTEM\CurrentControlSet\Control\Terminal Server\WinStations; PSChildName=RDP-Tcp; PSDrive=HKLM; PSProvider=Microsoft.PowerShell.Core\Registry}"
2026-06-26 12:52:15.697,Warning,_TestRuleCompliance,_TestRuleCompliance,250,Rule not compliant: Encryption-DisableObsoleteCiphers - No value found
2026-06-26 12:52:15.705,Warning,_TestRuleCompliance,_TestRuleCompliance,250,Rule not compliant: Network-DisableIPv6 - No value found
2026-06-26 12:52:15.714,Warning,_TestRuleCompliance,_TestRuleCompliance,271,"Rule not compliant: Updates-EnableAutoSecurityUpdates - Expected: 0, Got: @{NoAutoUpdate=0; PSPath=Microsoft.PowerShell.Core\Registry::HKEY_LOCAL_MACHINE\SOFTWARE\Policies\Microsoft\Windows\WindowsUpdate\AU; PSParentPath=Microsoft.PowerShell.Core\Registry::HKEY_LOCAL_MACHINE\SOFTWARE\Policies\Microsoft\Windows\WindowsUpdate; PSChildName=AU; PSDrive=HKLM; PSProvider=Microsoft.PowerShell.Core\Registry}"
2026-06-26 12:52:15.731,Warning,_TestRuleCompliance,_TestRuleCompliance,279,Error testing rule Audit-EnableLogonAuditing: Error 0x00000522 occurred:
2026-06-26 12:52:15.740,Warning,_TestRuleCompliance,_TestRuleCompliance,271,"Rule not compliant: Registry-DisableLLMNR - Expected: 0, Got: @{EnableMulticast=1; PSPath=Microsoft.PowerShell.Core\Registry::HKEY_LOCAL_MACHINE\SOFTWARE\Policies\Microsoft\Windows NT\DNSClient; PSParentPath=Microsoft.PowerShell.Core\Registry::HKEY_LOCAL_MACHINE\SOFTWARE\Policies\Microsoft\Windows NT; PSChildName=DNSClient; PSDrive=HKLM; PSProvider=Microsoft.PowerShell.Core\Registry}"
2026-06-26 12:52:15.747,Warning,_TestRuleCompliance,_TestRuleCompliance,271,"Rule not compliant: Service-DisablePrintSpooler - Expected: Disabled, Got: Automatic"
2026-06-26 12:52:15.754,Info,Test-HardeningCompliance<Process>,Test-HardeningCompliance<Process>,172,Compliance verification complete: 8.33% compliant (1/12 rules)
2026-06-26 12:52:15.764,Info,Export-HardeningReport<Process>,Export-HardeningReport<Process>,101,Generating Text hardening report
2026-06-26 12:52:15.776,Info,Export-HardeningReport<Process>,Export-HardeningReport<Process>,122,Report exported to: C:\Users\MICHEL~1\AppData\Local\Temp\test-report-1883894203.txt
2026-06-26 12:52:15.801,Info,New-HardeningSession,New-HardeningSession,101,"Initializing hardening session: Profile=Basis, Target=Client, OSVersion=11"
2026-06-26 12:52:15.806,Info,Get-HardeningProfile,Get-HardeningProfile,68,Loading hardening profile: Basis for Client
2026-06-26 12:52:15.817,Info,Get-HardeningProfile,Get-HardeningProfile,130,Profile loaded successfully: 12 rules for Client
2026-06-26 12:52:15.822,Info,New-HardeningSession,New-HardeningSession,138,"Hardening session created successfully. SessionId=e4872818-e2d5-4093-9426-9ea5ee7dba94, Rules=12"
2026-06-26 12:52:15.831,Info,Test-HardeningCompliance<Process>,Test-HardeningCompliance<Process>,90,"Starting hardening compliance verification: Profile=Basis, Mode=Verify"
2026-06-26 12:52:15.839,Info,Get-HardeningProfile,Get-HardeningProfile,68,Loading hardening profile: Basis for Client
2026-06-26 12:52:15.849,Info,Get-HardeningProfile,Get-HardeningProfile,130,Profile loaded successfully: 12 rules for Client
2026-06-26 12:52:15.857,Warning,_TestRuleCompliance,_TestRuleCompliance,250,Rule not compliant: Account-MinimumPasswordLength - No value found
2026-06-26 12:52:15.867,Warning,_TestRuleCompliance,_TestRuleCompliance,250,Rule not compliant: Account-PasswordComplexity - No value found
2026-06-26 12:52:15.892,Warning,_TestRuleCompliance,_TestRuleCompliance,279,"Error testing rule Service-DisableSMB1: The requested operation requires elevation.
"
2026-06-26 12:52:15.902,Warning,_TestRuleCompliance,_TestRuleCompliance,271,"Rule not compliant: UAC-ElevationPrompt - Expected: 1, Got: @{PromptOnSecureDesktop=1; PSPath=Microsoft.PowerShell.Core\Registry::HKEY_LOCAL_MACHINE\SOFTWARE\Microsoft\Windows\CurrentVersion\Policies\System; PSParentPath=Microsoft.PowerShell.Core\Registry::HKEY_LOCAL_MACHINE\SOFTWARE\Microsoft\Windows\CurrentVersion\Policies; PSChildName=System; PSDrive=HKLM; PSProvider=Microsoft.PowerShell.Core\Registry}"
2026-06-26 12:52:15.912,Warning,_TestRuleCompliance,_TestRuleCompliance,271,"Rule not compliant: RDP-EnableNetworkLevelAuthentication - Expected: 2, Got: @{SecurityLayer=2; PSPath=Microsoft.PowerShell.Core\Registry::HKEY_LOCAL_MACHINE\SYSTEM\CurrentControlSet\Control\Terminal Server\WinStations\RDP-Tcp; PSParentPath=Microsoft.PowerShell.Core\Registry::HKEY_LOCAL_MACHINE\SYSTEM\CurrentControlSet\Control\Terminal Server\WinStations; PSChildName=RDP-Tcp; PSDrive=HKLM; PSProvider=Microsoft.PowerShell.Core\Registry}"
2026-06-26 12:52:15.959,Warning,_TestRuleCompliance,_TestRuleCompliance,250,Rule not compliant: Encryption-DisableObsoleteCiphers - No value found
2026-06-26 12:52:15.968,Warning,_TestRuleCompliance,_TestRuleCompliance,250,Rule not compliant: Network-DisableIPv6 - No value found
2026-06-26 12:52:15.977,Warning,_TestRuleCompliance,_TestRuleCompliance,271,"Rule not compliant: Updates-EnableAutoSecurityUpdates - Expected: 0, Got: @{NoAutoUpdate=0; PSPath=Microsoft.PowerShell.Core\Registry::HKEY_LOCAL_MACHINE\SOFTWARE\Policies\Microsoft\Windows\WindowsUpdate\AU; PSParentPath=Microsoft.PowerShell.Core\Registry::HKEY_LOCAL_MACHINE\SOFTWARE\Policies\Microsoft\Windows\WindowsUpdate; PSChildName=AU; PSDrive=HKLM; PSProvider=Microsoft.PowerShell.Core\Registry}"
2026-06-26 12:52:15.994,Warning,_TestRuleCompliance,_TestRuleCompliance,279,Error testing rule Audit-EnableLogonAuditing: Error 0x00000522 occurred:
2026-06-26 12:52:16.002,Warning,_TestRuleCompliance,_TestRuleCompliance,271,"Rule not compliant: Registry-DisableLLMNR - Expected: 0, Got: @{EnableMulticast=1; PSPath=Microsoft.PowerShell.Core\Registry::HKEY_LOCAL_MACHINE\SOFTWARE\Policies\Microsoft\Windows NT\DNSClient; PSParentPath=Microsoft.PowerShell.Core\Registry::HKEY_LOCAL_MACHINE\SOFTWARE\Policies\Microsoft\Windows NT; PSChildName=DNSClient; PSDrive=HKLM; PSProvider=Microsoft.PowerShell.Core\Registry}"
2026-06-26 12:52:16.010,Warning,_TestRuleCompliance,_TestRuleCompliance,271,"Rule not compliant: Service-DisablePrintSpooler - Expected: Disabled, Got: Automatic"
2026-06-26 12:52:16.018,Info,Test-HardeningCompliance<Process>,Test-HardeningCompliance<Process>,172,Compliance verification complete: 8.33% compliant (1/12 rules)
2026-06-26 12:52:16.027,Info,Export-HardeningReport<Process>,Export-HardeningReport<Process>,101,Generating JSON hardening report
2026-06-26 12:52:16.035,Info,Export-HardeningReport<Process>,Export-HardeningReport<Process>,122,Report exported to: C:\Users\MICHEL~1\AppData\Local\Temp\test-report-366217837.json
2026-06-26 12:52:16.098,Info,New-HardeningSession,New-HardeningSession,101,"Initializing hardening session: Profile=Basis, Target=Client, OSVersion=11"
2026-06-26 12:52:16.104,Info,Get-HardeningProfile,Get-HardeningProfile,68,Loading hardening profile: Basis for Client
2026-06-26 12:52:16.114,Info,Get-HardeningProfile,Get-HardeningProfile,130,Profile loaded successfully: 12 rules for Client
2026-06-26 12:52:16.120,Info,New-HardeningSession,New-HardeningSession,138,"Hardening session created successfully. SessionId=c16b1857-0025-49d6-906f-36236db15430, Rules=12"
2026-06-26 12:52:16.133,Info,Test-HardeningCompliance<Process>,Test-HardeningCompliance<Process>,90,"Starting hardening compliance verification: Profile=Basis, Mode=Verify"
2026-06-26 12:52:16.138,Info,Get-HardeningProfile,Get-HardeningProfile,68,Loading hardening profile: Basis for Client
2026-06-26 12:52:16.149,Info,Get-HardeningProfile,Get-HardeningProfile,130,Profile loaded successfully: 12 rules for Client
2026-06-26 12:52:16.157,Warning,_TestRuleCompliance,_TestRuleCompliance,250,Rule not compliant: Account-MinimumPasswordLength - No value found
2026-06-26 12:52:16.166,Warning,_TestRuleCompliance,_TestRuleCompliance,250,Rule not compliant: Account-PasswordComplexity - No value found
2026-06-26 12:52:16.187,Warning,_TestRuleCompliance,_TestRuleCompliance,279,"Error testing rule Service-DisableSMB1: The requested operation requires elevation.
"
2026-06-26 12:52:16.195,Warning,_TestRuleCompliance,_TestRuleCompliance,271,"Rule not compliant: UAC-ElevationPrompt - Expected: 1, Got: @{PromptOnSecureDesktop=1; PSPath=Microsoft.PowerShell.Core\Registry::HKEY_LOCAL_MACHINE\SOFTWARE\Microsoft\Windows\CurrentVersion\Policies\System; PSParentPath=Microsoft.PowerShell.Core\Registry::HKEY_LOCAL_MACHINE\SOFTWARE\Microsoft\Windows\CurrentVersion\Policies; PSChildName=System; PSDrive=HKLM; PSProvider=Microsoft.PowerShell.Core\Registry}"
2026-06-26 12:52:16.204,Warning,_TestRuleCompliance,_TestRuleCompliance,271,"Rule not compliant: RDP-EnableNetworkLevelAuthentication - Expected: 2, Got: @{SecurityLayer=2; PSPath=Microsoft.PowerShell.Core\Registry::HKEY_LOCAL_MACHINE\SYSTEM\CurrentControlSet\Control\Terminal Server\WinStations\RDP-Tcp; PSParentPath=Microsoft.PowerShell.Core\Registry::HKEY_LOCAL_MACHINE\SYSTEM\CurrentControlSet\Control\Terminal Server\WinStations; PSChildName=RDP-Tcp; PSDrive=HKLM; PSProvider=Microsoft.PowerShell.Core\Registry}"
2026-06-26 12:52:16.250,Warning,_TestRuleCompliance,_TestRuleCompliance,250,Rule not compliant: Encryption-DisableObsoleteCiphers - No value found
2026-06-26 12:52:16.258,Warning,_TestRuleCompliance,_TestRuleCompliance,250,Rule not compliant: Network-DisableIPv6 - No value found
2026-06-26 12:52:16.267,Warning,_TestRuleCompliance,_TestRuleCompliance,271,"Rule not compliant: Updates-EnableAutoSecurityUpdates - Expected: 0, Got: @{NoAutoUpdate=0; PSPath=Microsoft.PowerShell.Core\Registry::HKEY_LOCAL_MACHINE\SOFTWARE\Policies\Microsoft\Windows\WindowsUpdate\AU; PSParentPath=Microsoft.PowerShell.Core\Registry::HKEY_LOCAL_MACHINE\SOFTWARE\Policies\Microsoft\Windows\WindowsUpdate; PSChildName=AU; PSDrive=HKLM; PSProvider=Microsoft.PowerShell.Core\Registry}"
2026-06-26 12:52:16.286,Warning,_TestRuleCompliance,_TestRuleCompliance,279,Error testing rule Audit-EnableLogonAuditing: Error 0x00000522 occurred:
2026-06-26 12:52:16.294,Warning,_TestRuleCompliance,_TestRuleCompliance,271,"Rule not compliant: Registry-DisableLLMNR - Expected: 0, Got: @{EnableMulticast=1; PSPath=Microsoft.PowerShell.Core\Registry::HKEY_LOCAL_MACHINE\SOFTWARE\Policies\Microsoft\Windows NT\DNSClient; PSParentPath=Microsoft.PowerShell.Core\Registry::HKEY_LOCAL_MACHINE\SOFTWARE\Policies\Microsoft\Windows NT; PSChildName=DNSClient; PSDrive=HKLM; PSProvider=Microsoft.PowerShell.Core\Registry}"
2026-06-26 12:52:16.304,Warning,_TestRuleCompliance,_TestRuleCompliance,271,"Rule not compliant: Service-DisablePrintSpooler - Expected: Disabled, Got: Automatic"
2026-06-26 12:52:16.312,Info,Test-HardeningCompliance<Process>,Test-HardeningCompliance<Process>,172,Compliance verification complete: 8.33% compliant (1/12 rules)
2026-06-26 12:52:16.320,Info,Export-HardeningReport<Process>,Export-HardeningReport<Process>,101,Generating JSON hardening report
